city_id,iran_m,iran_d,leba_m,leba_d,other_m,other_d,warn,hit,total_hit,dur
337,39,1,1,0,0,0,143,32,40,180811
2242,129,3,7,0,0,0,159,110,132,205719
914,38,1,3,0,0,0,135,30,39,174910
1354,56,0,3,1,0,0,73,44,56,111520
1357,45,0,1,1,0,0,73,34,45,106582
369,47,1,1,0,0,0,143,39,48,180676
577,98,1,5,0,0,0,158,83,99,196217
1432,29,0,2,0,0,0,66,22,29,101618
1371,49,0,2,0,0,0,73,40,49,106371
201,24,0,3,0,0,0,66,19,24,94233
1344,18,0,1,2,0,0,66,15,18,95211
579,99,1,4,0,0,0,158,86,100,195375
1088,28,0,1,0,0,0,64,23,28,94930
54,8,0,0,0,0,0,57,8,8,70699
724,130,4,11,0,0,0,158,112,134,211714
520,77,1,4,0,0,0,143,67,78,185994
1029,20,0,2,0,0,0,64,16,20,95716
407,54,1,3,0,0,0,143,46,55,184711
983,19,0,1,0,0,0,64,14,19,99971
2230,17,0,1,0,0,0,126,9,17,162707
1442,46,0,12,4,0,0,73,35,46,123005
178,24,0,2,0,0,0,46,16,24,73848
2211,73,1,1,0,0,0,159,55,74,203457
1776,76,1,1,0,0,0,159,60,77,203457
108,32,0,1,1,0,0,73,28,32,93842
1176,34,0,0,0,0,0,73,27,34,103211
937,26,1,1,0,0,0,135,23,27,167915
470,67,1,4,0,0,0,143,57,68,186051
2255,118,3,8,0,0,0,135,96,121,187071
783,124,4,12,0,0,0,158,107,128,212404
113,25,0,2,0,0,0,46,16,25,73595
1030,21,0,2,0,0,0,64,16,21,96531
1836,68,1,3,0,0,0,159,56,69,197116
580,95,1,4,0,0,0,158,80,96,196355
888,54,1,4,0,0,0,135,44,55,177011
766,50,0,4,1,0,0,136,40,50,181282
1410,37,0,2,2,0,0,73,31,37,108884
714,129,3,9,0,0,0,159,110,132,207494
899,44,1,4,0,0,0,135,35,45,177011
1543,27,0,3,7,0,0,73,23,27,121196
856,92,3,8,0,0,0,135,77,95,181825
878,56,1,4,0,0,0,135,46,57,177011
1197,21,0,1,0,0,0,66,16,21,96512
935,33,1,2,0,0,0,135,27,34,173292
891,47,1,4,0,0,0,135,39,48,175457
2239,45,1,1,0,0,0,126,36,46,167884
716,134,4,10,0,0,0,158,114,138,211357
474,71,1,2,0,0,0,143,58,72,185243
1373,25,0,2,0,0,0,66,19,25,100428
30,0,0,0,2,0,0,12,0,0,19462
129,33,0,3,0,0,0,46,21,33,77158
482,72,1,4,0,0,0,143,63,73,185173
1419,49,0,4,2,0,0,73,40,49,113014
522,76,1,4,0,0,0,158,63,77,200571
1033,25,0,1,0,0,0,63,18,25,94927
1576,25,0,12,6,0,0,69,19,25,123208
291,18,0,2,0,0,0,46,8,18,73781
1545,29,1,17,28,0,0,69,22,30,149737
740,82,0,5,0,0,0,159,70,82,202214
1145,29,0,0,0,0,0,73,22,29,103211
273,31,0,0,0,0,0,143,22,31,182167
1051,18,0,0,0,0,0,54,15,18,83406
1198,21,0,0,0,0,0,66,16,21,93613
793,121,3,10,0,0,0,135,99,124,188864
2295,92,0,5,0,0,0,159,78,92,199429
1880,46,0,4,0,0,0,73,36,46,105722
1372,42,0,1,1,0,0,73,31,42,106582
1328,47,0,2,0,0,0,73,38,47,106371
1096,28,0,0,0,0,0,73,22,28,103507
409,53,1,3,0,0,0,143,45,54,184711
839,111,3,10,0,0,0,135,94,114,186221
1544,27,1,16,24,0,0,69,20,28,144961
970,22,0,1,0,0,0,135,18,22,167915
1011,18,0,0,0,0,0,54,12,18,87293
1000,21,0,0,0,0,0,54,13,21,89290
1803,105,1,5,0,0,0,158,88,106,198177
1366,53,0,4,1,0,0,73,43,53,112665
796,104,3,9,0,0,0,159,86,107,209243
710,135,3,9,0,0,0,158,114,138,206114
1062,20,0,0,0,0,0,54,15,20,83146
974,19,0,1,0,0,0,135,15,19,167915
277,25,0,1,0,0,0,143,18,25,180016
825,111,4,11,0,0,0,135,94,115,191923
342,21,1,1,0,0,0,126,16,22,163531
196,43,0,3,0,0,0,66,33,43,99178
758,130,3,10,0,0,0,158,112,133,206328
911,40,1,5,0,0,0,135,36,41,173453
940,27,1,2,0,0,0,135,22,28,172800
1095,29,0,0,0,0,0,64,22,29,95059
204,42,0,4,0,0,0,73,32,42,105722
1064,22,0,1,0,0,0,64,18,22,94930
1961,135,4,9,0,0,0,158,115,139,209910
2263,42,0,5,0,0,0,73,32,42,107071
200,23,0,3,0,0,0,66,18,23,94233
1008,21,0,1,0,0,0,63,15,21,95931
1397,51,0,20,7,0,0,73,37,51,139003
217,26,0,3,0,0,0,73,20,26,97097
2296,74,1,5,0,0,0,159,63,75,202214
1425,49,0,13,3,0,0,73,38,49,122869
1854,129,3,6,0,0,0,158,110,132,200513
440,62,1,1,0,0,0,143,53,63,183477
1479,33,0,4,13,0,0,73,21,33,130319
316,35,1,1,0,0,0,143,28,36,179001
2305,80,1,1,0,0,0,159,63,81,203457
136,35,0,3,0,0,0,46,22,35,79204
761,127,3,9,0,0,0,158,109,130,205352
1642,14,1,77,39,0,0,69,10,15,202755
331,21,1,1,0,0,0,126,16,22,163531
367,39,1,3,0,0,0,143,34,40,182035
1491,38,0,6,6,0,0,73,25,38,123866
950,27,1,2,0,0,0,135,22,28,172800
2236,46,1,1,0,0,0,126,37,47,167417
1408,48,0,8,3,0,0,73,39,48,117264
964,22,1,2,0,0,0,135,19,23,168570
1359,18,0,1,1,0,0,66,15,18,93073
1141,26,0,0,0,0,0,73,21,26,101457
315,36,1,0,0,0,0,143,28,37,179835
243,25,0,2,0,0,0,126,10,25,169562
1729,80,0,5,0,0,0,159,68,80,202214
52,5,0,0,0,0,0,57,5,5,70699
389,51,1,0,0,0,0,143,43,52,182376
1352,57,0,10,2,0,0,73,44,57,124365
1575,22,0,13,12,0,0,69,17,22,131053
483,71,1,4,0,0,0,143,62,72,185173
137,63,0,6,0,0,0,73,49,63,110196
1549,26,0,7,5,0,0,69,21,26,116464
1768,7,0,0,0,0,0,57,6,7,70699
1472,36,0,15,7,0,0,73,27,36,129484
73,31,0,3,0,0,0,57,28,31,78450
284,28,0,0,0,0,0,143,22,28,177858
942,28,1,2,0,0,0,135,24,29,171246
1832,92,0,5,0,0,0,159,77,92,201440
2285,122,1,8,0,0,0,159,105,123,205803
324,39,1,1,0,0,0,143,32,40,180811
823,115,3,9,0,0,0,135,98,118,185632
979,18,0,1,0,0,0,135,14,18,167915
437,62,1,3,0,0,0,143,54,63,184836
1811,118,1,7,0,0,0,158,98,119,202698
873,66,3,5,0,0,0,135,56,69,177486
814,116,3,10,0,0,0,135,98,119,186378
564,76,2,3,0,0,0,77,55,78,125844
1314,20,0,1,0,0,0,66,17,20,94686
1506,33,0,10,6,0,0,73,26,33,124275
1926,76,1,3,0,0,0,77,54,77,125704
1206,45,0,1,0,0,0,73,34,45,108068
1661,19,1,101,27,0,0,69,14,20,253893
1894,77,1,5,0,0,0,159,64,78,203731
216,35,0,2,0,0,0,126,11,35,183386
1086,23,0,0,0,0,0,73,18,23,101580
24,2,0,0,1,0,0,12,2,2,18739
1125,33,0,3,0,0,0,64,25,33,97093
957,26,1,2,0,0,0,135,21,27,172800
1610,20,0,2,4,0,0,66,17,20,100959
471,68,1,4,0,0,0,143,60,69,185576
306,25,0,2,0,0,0,112,17,25,151246
1234,37,0,1,0,0,0,73,29,37,106110
1218,47,0,1,0,0,0,73,36,47,108068
545,84,1,4,0,0,0,143,74,85,184672
885,55,1,5,0,0,0,135,48,56,173549
1424,48,0,15,9,0,0,73,34,48,137175
212,19,0,4,0,0,0,46,13,19,72327
1028,20,0,2,0,0,0,64,16,20,95716
2250,69,1,7,0,0,0,135,56,70,181663
1323,41,0,3,1,0,0,73,31,41,107932
1078,22,0,0,0,0,0,73,18,22,101580
186,47,0,4,0,0,0,73,37,47,105722
387,55,1,2,0,0,0,143,48,56,180974
326,32,1,1,0,0,0,126,25,33,163679
1809,121,1,6,0,0,0,158,102,122,200870
1363,53,0,1,0,0,0,73,42,53,106419
1186,39,0,1,0,0,0,73,30,39,106110
1217,47,0,4,0,0,0,73,35,47,108779
1813,104,1,6,0,0,0,158,88,105,198815
1320,54,0,3,0,0,0,73,45,54,109279
966,20,1,2,0,0,0,135,17,21,168570
739,134,3,9,0,0,0,158,115,137,205638
1638,17,0,9,15,0,0,69,12,17,126160
405,43,1,3,0,0,0,143,38,44,183584
1358,44,0,1,1,0,0,73,33,44,106582
1599,24,0,19,10,0,0,69,18,24,132298
1831,125,0,6,0,0,0,158,104,125,201412
1843,126,0,6,0,0,0,158,106,126,200298
1304,57,0,12,2,0,0,67,42,57,120500
954,26,1,2,0,0,0,135,22,27,171246
1142,25,0,0,0,0,0,73,20,25,101457
841,105,3,7,0,0,0,135,86,108,186127
1094,20,0,0,0,0,0,54,15,20,82186
131,61,0,7,0,0,0,66,46,61,106086
1287,42,0,1,0,0,0,73,34,42,105305
1807,121,1,4,0,0,0,158,100,122,200200
955,24,1,1,0,0,0,135,21,25,167915
567,94,1,3,0,0,0,143,78,95,185302
1075,28,0,0,0,0,0,63,21,28,94254
801,118,3,8,0,0,0,159,100,121,209114
1569,23,0,0,2,0,0,66,18,23,97906
1583,31,2,18,57,0,0,69,22,33,181530
735,134,3,8,0,0,0,158,115,137,204003
713,130,3,7,0,0,0,158,111,133,201094
247,25,0,2,0,0,0,126,10,25,169532
1492,34,0,7,6,0,0,73,21,34,124801
1822,78,0,3,0,0,0,159,65,78,197116
1340,59,0,3,0,0,0,73,45,59,110393
1173,41,0,4,0,0,0,73,31,41,108779
733,134,3,9,0,0,0,158,115,137,205638
1535,25,0,10,5,0,0,69,20,25,120029
994,21,0,1,0,0,0,64,17,21,95931
928,37,1,2,0,0,0,135,30,38,172572
1263,53,0,1,0,0,0,73,41,53,108068
168,47,0,5,0,0,0,66,35,47,103102
192,47,0,4,0,0,0,66,36,47,102483
1102,31,0,2,0,0,0,64,23,31,96531
998,21,0,1,0,0,0,63,16,21,95931
150,62,0,6,0,0,0,73,49,62,110196
1856,99,0,6,0,0,0,159,85,99,201047
26,2,0,0,1,0,0,12,2,2,18739
330,23,1,1,0,0,0,126,18,24,163531
1665,19,0,5,12,0,0,66,16,19,106690
1618,22,0,4,9,0,0,69,16,22,118239
465,59,1,2,0,0,0,77,46,60,111815
1009,18,0,0,0,0,0,54,13,18,86129
1386,50,0,5,2,0,0,73,42,50,113685
4,15,0,0,5,0,0,19,15,15,25918
2282,65,0,5,1,0,0,136,50,65,185095
1076,25,0,0,0,0,0,73,20,25,103507
2253,121,3,8,0,0,0,159,100,124,208182
910,41,1,4,0,0,0,135,35,42,173190
1622,19,0,1,4,0,0,66,16,19,99292
569,92,1,4,0,0,0,158,80,93,195375
570,77,1,3,0,0,0,77,56,78,123270
1001,19,0,1,0,0,0,54,12,19,90245
1819,115,1,7,0,0,0,158,98,116,201584
872,60,3,5,0,0,0,135,50,63,176226
1222,25,0,1,0,0,0,73,21,25,104356
1634,19,0,12,21,0,0,69,14,19,137236
1464,40,0,4,3,0,0,73,31,40,111984
33,1,0,0,1,0,0,12,0,1,21272
1089,30,0,2,0,0,0,64,23,30,96531
511,75,1,3,0,0,0,143,62,76,186529
339,43,1,1,0,0,0,143,36,44,180486
1791,100,1,6,0,0,0,158,85,101,199795
425,50,1,4,0,0,0,143,44,51,184799
963,24,0,2,0,0,0,136,19,24,172936
741,53,0,4,1,0,0,136,43,53,181867
1322,45,0,1,0,0,0,73,35,45,105305
1652,20,0,51,30,0,0,69,15,20,177048
1851,128,3,6,0,0,0,158,108,131,202681
1636,17,0,51,27,0,0,69,12,17,179068
2270,40,0,4,0,0,0,73,30,40,105722
1449,44,0,8,4,0,0,73,34,44,119499
1963,77,1,3,0,0,0,143,63,78,186529
1353,53,0,3,0,0,0,73,43,53,110557
1938,18,1,11,15,0,0,66,13,19,116597
1805,61,1,0,1,0,0,136,46,62,182256
244,11,0,2,0,0,0,46,9,11,64995
1166,28,0,1,0,0,0,73,23,28,104356
874,68,3,5,0,0,0,135,59,71,175932
571,100,3,5,0,0,0,158,84,103,198163
1649,20,0,22,27,0,0,69,15,20,142075
2252,57,1,4,0,0,0,135,46,58,177691
2224,47,1,1,0,0,0,64,19,48,123096
1162,51,0,1,0,0,0,67,38,51,105315
1461,37,0,6,5,0,0,73,27,37,120834
517,72,1,4,0,0,0,143,62,73,185994
1253,55,0,5,2,0,0,67,42,55,109197
159,24,0,2,0,0,0,46,16,24,73848
460,70,1,2,0,0,0,143,60,71,184763
77,29,0,2,0,0,0,57,25,29,79075
747,130,3,9,0,0,0,158,112,133,205638
590,105,1,6,0,0,0,158,87,106,198949
1528,32,0,9,6,0,0,73,25,32,121880
492,77,1,3,0,0,0,143,63,78,186529
980,18,0,1,0,0,0,135,14,18,167915
135,28,0,1,0,0,0,46,18,28,75558
219,15,0,3,0,0,0,46,12,15,70369
10,14,0,0,2,0,0,19,14,14,25075
1667,15,2,29,25,0,0,69,11,17,193388
764,85,0,7,0,0,0,159,71,85,205934
890,54,1,4,0,0,0,135,44,55,177011
1451,42,0,7,5,0,0,73,31,42,117666
254,23,0,1,0,0,0,126,11,23,167233
1595,25,0,29,37,0,0,69,14,25,169601
1604,25,0,37,14,0,0,69,18,25,147532
1020,21,0,1,0,0,0,64,16,21,95934
559,92,1,4,0,0,0,158,78,93,195447
540,58,2,1,0,0,0,126,45,60,171337
401,51,1,1,0,0,0,143,43,52,183277
22,2,0,0,0,0,0,12,2,2,17985
388,53,1,1,0,0,0,143,44,54,183352
266,16,0,2,0,0,0,46,10,16,68966
749,127,3,8,0,0,0,159,107,130,209114
491,75,1,3,0,0,0,143,62,76,186529
1395,26,0,2,0,0,0,66,19,26,101243
565,70,2,2,0,0,0,159,55,72,204171
1107,26,0,0,0,0,0,54,20,26,82879
702,135,3,8,0,0,0,158,114,138,204998
496,56,2,2,0,0,0,77,44,58,113278
1283,55,0,5,0,0,0,73,44,55,111678
38,1,0,0,0,0,0,57,1,1,70699
1181,26,0,1,0,0,0,73,22,26,104356
1669,18,1,93,34,0,0,70,14,19,304364
170,30,0,3,1,0,0,73,24,30,101126
473,70,1,3,0,0,0,143,61,71,183958
95,20,0,1,0,0,0,46,13,20,70461
1031,21,0,2,0,0,0,64,17,21,96531
39,0,0,1,1,0,0,12,0,0,18744
1537,29,0,12,5,0,0,73,23,29,120500
1042,17,0,0,0,0,0,54,13,17,82186
795,110,3,8,0,0,0,159,93,113,208182
1635,19,0,4,7,0,0,66,15,19,105183
1068,25,0,0,0,0,0,73,19,25,104467
2287,68,2,1,0,0,0,159,54,70,203250
2269,47,0,4,0,0,0,73,37,47,105722
1925,61,0,6,0,0,0,73,49,61,110196
857,80,3,8,0,0,0,135,69,83,181004
436,59,1,3,0,0,0,143,52,60,184836
1582,28,4,32,48,0,0,69,23,32,175119
1471,38,0,10,5,0,0,73,28,38,124706
944,27,1,1,0,0,0,135,24,28,168236
1409,52,0,5,3,0,0,73,42,52,112943
1943,31,1,1,0,0,0,126,24,32,163679
1018,24,0,0,0,0,0,135,14,24,172740
1182,45,0,3,0,0,0,67,33,45,106297
1454,40,0,2,3,0,0,73,31,40,109445
1242,53,0,6,2,0,0,67,40,53,110123
1119,27,0,0,0,0,0,73,20,27,102385
2275,41,0,5,0,0,0,73,31,41,107071
1348,56,0,3,1,0,0,73,44,56,111520
2292,100,0,5,0,0,0,159,84,100,201001
1087,23,0,0,0,0,0,54,17,23,82879
466,59,1,2,0,0,0,77,46,60,111815
439,59,1,3,0,0,0,143,52,60,184836
1435,48,0,10,3,0,0,73,38,48,118718
1659,21,2,15,24,0,0,69,17,23,139345
1284,55,0,4,0,0,0,73,44,55,110993
495,66,1,2,0,0,0,77,48,67,118622
700,60,0,2,1,0,0,136,47,60,180260
1251,19,0,1,0,0,0,66,15,19,96512
1180,30,0,1,0,0,0,73,23,30,106110
893,47,1,3,0,0,0,135,40,48,172132
2228,38,0,4,3,0,0,73,30,38,111605
294,17,0,1,0,0,0,126,9,17,162707
1723,115,3,7,0,0,0,135,95,118,186127
184,42,0,4,0,0,0,66,32,42,99797
336,40,1,2,0,0,0,143,33,41,182097
1510,20,0,1,1,0,0,66,16,20,96848
707,58,0,3,1,0,0,136,45,58,181236
1070,19,0,0,0,0,0,54,15,19,82186
744,127,4,11,0,0,0,158,110,131,211714
2219,25,0,5,0,0,0,136,21,25,178018
596,77,1,3,0,0,0,159,63,78,200687
2306,74,2,1,0,0,0,159,58,76,204502
1840,124,3,5,0,0,0,158,105,127,199393
226,20,0,2,0,0,0,66,15,20,93257
1061,25,0,0,0,0,0,73,19,25,104467
1523,28,0,20,13,0,0,69,22,28,137618
371,49,1,0,0,0,0,126,40,50,165396
415,54,1,2,0,0,0,77,44,55,110203
188,22,0,1,0,0,0,46,14,22,73507
1849,128,3,5,0,0,0,158,109,131,199799
117,22,0,1,0,0,0,46,15,22,70281
110,23,0,1,0,0,0,46,15,23,70281
847,54,0,6,1,0,0,136,41,54,183417
1426,51,0,7,3,0,0,73,40,51,116592
2300,74,1,2,0,0,0,159,62,75,199270
727,133,3,9,0,0,0,158,114,136,205638
1189,20,0,1,0,0,0,66,16,20,96512
529,50,1,1,0,0,0,64,21,51,123096
1392,52,0,5,2,0,0,73,42,52,111945
99,21,0,1,0,0,0,46,14,21,70461
2257,126,3,8,0,0,0,159,107,129,207068
171,24,0,2,0,0,0,46,16,24,73848
1040,25,0,1,0,0,0,63,18,25,94927
1232,49,0,1,0,0,0,73,37,49,108068
882,63,3,7,0,0,0,135,53,66,180633
205,41,0,4,0,0,0,73,31,41,105722
1248,47,0,1,0,0,0,73,37,47,106110
1921,58,0,5,0,0,0,66,44,58,103136
290,15,0,2,0,0,0,46,7,15,70753
1295,53,0,3,0,0,0,73,43,53,110194
859,94,3,9,0,0,0,135,81,97,185105
870,74,3,8,0,0,0,135,65,77,181980
1752,52,0,5,0,0,0,66,39,52,103102
1122,29,0,0,0,0,0,54,21,29,83684
513,76,1,3,0,0,0,143,63,77,186529
1891,76,1,3,0,0,0,159,62,77,202477
1441,49,0,8,3,0,0,73,39,49,118733
1792,93,1,5,0,0,0,158,76,94,198177
537,84,1,4,0,0,0,143,73,85,184672
1228,53,0,5,0,0,0,67,40,53,107781
1518,26,0,7,3,0,0,66,22,26,111319
283,30,0,0,0,0,0,143,23,30,179029
501,70,1,4,0,0,0,143,60,71,185994
18,2,0,0,0,0,0,12,2,2,17985
912,42,1,3,0,0,0,135,38,43,170648
269,30,0,0,0,0,0,143,21,30,182167
153,60,0,6,0,0,0,66,47,60,103755
1374,18,0,1,2,0,0,66,15,18,93226
1117,30,0,0,0,0,0,73,24,30,102385
208,32,0,2,0,0,0,66,24,32,98202
1759,11,0,2,0,0,0,46,9,11,64995
347,41,1,2,0,0,0,143,35,42,180974
195,34,0,3,0,0,0,66,26,34,99178
1227,21,0,1,0,0,0,66,16,21,96512
738,132,3,10,0,0,0,158,113,135,206328
1299,21,0,1,0,0,0,66,17,21,94646
1562,29,3,19,38,0,0,69,25,32,156217
919,39,1,3,0,0,0,135,33,40,171572
1005,22,0,1,0,0,0,64,17,22,95931
1235,34,0,1,0,0,0,73,25,34,106110
175,51,0,5,0,0,0,66,39,51,103136
991,21,0,1,0,0,0,54,10,21,93899
167,45,0,5,0,0,0,66,33,45,103102
448,64,1,1,0,0,0,143,54,65,184529
421,60,1,2,0,0,0,143,49,61,184024
1490,31,0,3,13,0,0,73,19,31,126640
2297,89,0,6,0,0,0,159,76,89,203471
1566,29,0,20,12,0,0,69,22,29,137575
2276,26,0,2,0,0,0,126,10,26,169562
512,74,1,3,0,0,0,143,61,75,186529
374,47,1,2,0,0,0,143,40,48,180974
314,32,1,1,0,0,0,143,26,33,178834
525,84,1,4,0,0,0,143,73,85,184672
1214,47,0,3,0,0,0,67,37,47,106297
1149,33,0,1,0,0,0,67,27,33,98648
288,20,0,2,0,0,0,126,12,20,163863
2291,53,0,6,0,0,0,135,44,53,179345
1178,31,0,1,0,0,0,73,25,31,106110
1057,27,0,2,0,0,0,64,21,27,96531
2272,47,0,4,0,0,0,73,37,47,105722
1890,89,0,6,0,0,0,159,76,89,203471
321,28,0,4,0,0,0,112,20,28,153348
147,56,0,6,0,0,0,66,43,56,103755
1956,87,1,4,0,0,0,143,77,88,184672
1860,134,3,7,0,0,0,158,113,137,204343
1786,73,1,3,0,0,0,159,58,74,202477
1581,27,3,22,46,0,0,69,23,30,165885
1171,55,0,3,0,0,0,67,41,55,109140
1827,138,4,7,0,0,0,158,117,142,205826
1237,24,0,1,0,0,0,73,19,24,104356
2301,76,2,1,0,0,0,159,61,78,203457
182,48,0,5,0,0,0,73,38,48,107071
701,136,3,8,0,0,0,158,115,139,204998
385,49,1,3,0,0,0,143,44,50,182035
267,26,0,2,0,0,0,66,11,26,100896
1488,21,0,0,2,0,0,66,16,21,102008
365,39,1,3,0,0,0,143,34,40,182035
2227,35,0,2,2,0,0,73,28,35,109068
1165,37,0,0,0,0,0,73,28,37,103211
161,35,0,3,0,0,0,66,27,35,99178
709,135,3,9,0,0,0,158,114,138,205751
300,30,0,0,0,0,0,143,23,30,177858
1381,51,0,1,2,0,0,73,43,51,108025
1572,30,0,13,26,0,0,69,22,30,145937
1517,31,0,5,5,0,0,73,26,31,116392
1097,26,0,0,0,0,0,73,21,26,101580
715,135,3,9,0,0,0,158,115,138,205924
2234,31,1,1,0,0,0,126,24,32,166355
519,73,1,4,0,0,0,143,63,74,185994
144,58,0,5,0,0,0,66,44,58,103136
560,97,1,3,0,0,0,158,82,98,194661
851,88,3,7,0,0,0,135,70,91,183439
1780,101,1,6,0,0,0,158,86,102,198743
1072,24,0,1,0,0,0,64,20,24,94930
1570,29,2,23,36,0,0,69,21,31,160106
818,103,3,9,0,0,0,158,89,106,204319
399,58,1,1,0,0,0,143,49,59,183352
1100,28,0,1,0,0,0,67,23,28,99882
1626,22,0,10,17,0,0,69,16,22,132793
1219,46,0,1,0,0,0,73,36,46,108068
1799,112,1,6,0,0,0,158,94,113,198877
897,36,0,5,2,0,0,136,30,36,183351
775,65,1,5,1,0,0,136,51,66,185095
1749,56,0,5,0,0,0,66,42,56,103413
1538,33,0,11,4,0,0,73,25,33,118876
535,81,1,3,0,0,0,158,69,82,197158
1853,127,3,6,0,0,0,158,108,130,200948
1231,53,0,4,0,0,0,73,41,53,110993
395,43,1,3,0,0,0,143,37,44,184711
1134,28,0,0,0,0,0,73,21,28,102385
1864,131,3,5,0,0,0,158,112,134,199799
245,18,0,1,0,0,0,66,12,18,95968
1179,31,0,1,0,0,0,73,24,31,106110
376,37,1,3,0,0,0,112,30,38,152295
1077,24,0,0,0,0,0,73,20,24,101580
1380,51,0,6,2,0,0,73,43,51,114884
1842,125,2,6,0,0,0,158,105,127,200298
197,44,0,4,0,0,0,66,34,44,100334
1025,17,0,0,0,0,0,54,12,17,85634
838,104,4,11,0,0,0,135,89,108,191923
249,19,0,2,0,0,0,66,11,19,100527
443,56,1,1,0,0,0,77,44,57,109418
154,26,0,2,0,0,0,46,17,26,73848
1473,40,0,7,5,0,0,73,29,40,118471
921,35,1,2,0,0,0,135,28,36,173292
19,2,0,0,0,0,0,12,2,2,17985
1243,55,0,5,2,0,0,67,42,55,109197
1324,20,0,2,0,0,0,66,16,20,97585
969,20,1,1,0,0,0,135,17,21,167915
1297,41,0,1,0,0,0,73,33,41,105305
220,15,0,3,0,0,0,46,12,15,70369
456,70,1,4,0,0,0,143,60,71,187568
2274,45,0,5,0,0,0,73,35,45,107071
1830,126,3,7,0,0,0,158,107,129,201584
1394,47,0,4,0,0,0,73,39,47,111541
785,128,4,11,0,0,0,158,109,132,211618
858,87,3,8,0,0,0,135,74,90,181825
190,38,0,3,0,0,0,66,30,38,99178
1436,43,0,5,4,0,0,73,33,43,114867
1255,49,0,1,0,0,0,73,38,49,106110
1298,40,0,3,1,0,0,73,29,40,108737
1401,49,0,6,3,0,0,73,41,49,115979
227,21,0,2,0,0,0,66,16,21,93257
2265,45,0,5,0,0,0,73,35,45,107071
1019,16,0,1,0,0,0,54,10,16,89285
536,82,1,4,0,0,0,143,71,83,184672
575,98,1,4,0,0,0,158,82,99,195431
1010,17,0,0,0,0,0,54,12,17,86327
802,109,4,12,0,0,0,158,95,113,212338
2019,14,0,2,0,0,0,46,6,14,70753
1185,44,0,0,0,0,0,73,32,44,105169
1444,47,0,6,4,0,0,73,36,47,116215
824,102,4,9,0,0,0,158,90,106,209383
1343,20,0,2,0,0,0,66,16,20,97585
2299,75,1,1,0,0,0,159,57,76,203457
1273,56,0,5,0,0,0,73,43,56,111678
2259,26,0,0,0,0,0,135,17,26,172740
143,48,0,4,0,0,0,73,40,48,105955
1302,50,0,7,2,0,0,67,41,50,113970
352,27,1,4,0,0,0,112,20,28,153348
344,27,1,4,0,0,0,112,20,28,153348
348,41,1,2,0,0,0,143,34,42,182097
931,33,1,2,0,0,0,135,27,34,173292
887,41,0,4,1,0,0,136,35,41,179683
91,69,0,6,0,0,0,73,54,69,109657
1654,18,0,5,10,0,0,66,15,18,107612
155,48,0,4,0,0,0,66,35,48,102483
1400,52,0,3,3,0,0,73,43,52,111445
55,6,0,0,0,0,0,57,5,6,70699
235,15,0,2,0,0,0,46,12,15,69253
1356,47,0,2,0,0,0,73,40,47,106371
927,35,2,2,0,0,0,135,28,37,178356
373,44,1,3,0,0,0,143,39,45,182035
554,85,1,4,0,0,0,158,67,86,202438
524,79,1,3,0,0,0,158,65,80,199785
193,46,0,5,0,0,0,73,36,46,107071
1310,50,0,1,0,0,0,73,40,50,105305
1771,7,0,0,0,0,0,57,6,7,70699
1244,54,0,5,1,0,0,73,42,54,113376
591,107,1,5,0,0,0,158,88,108,198163
867,69,3,5,0,0,0,135,58,72,178301
141,55,0,6,0,0,0,66,42,55,103547
282,19,0,3,0,0,0,46,10,19,72640
1362,52,0,3,2,0,0,73,44,52,110610
458,68,1,4,0,0,0,143,60,69,185576
865,50,0,6,1,0,0,136,42,50,183222
2195,73,1,4,0,0,0,143,63,74,186690
1259,46,0,4,0,0,0,67,36,46,107370
1261,55,0,4,0,0,0,66,39,55,107621
237,18,0,3,0,0,0,66,13,18,92677
1482,38,0,5,4,0,0,73,26,38,119611
1458,37,0,4,11,0,0,73,26,37,128215
1211,22,0,1,0,0,0,73,18,22,104356
1467,21,0,1,0,0,0,66,16,21,95107
2267,46,0,5,0,0,0,73,36,46,107071
1246,53,0,1,0,0,0,73,41,53,108068
807,96,3,8,0,0,0,135,77,99,185057
1190,47,0,3,0,0,0,67,34,47,106297
849,95,3,9,0,0,0,135,80,98,184594
358,47,1,1,0,0,0,143,39,48,180676
599,77,2,3,0,0,0,159,61,79,205457
104,31,0,1,1,0,0,73,27,31,93842
946,23,0,2,0,0,0,136,20,23,170505
1209,33,0,1,0,0,0,73,25,33,106110
1937,62,1,3,0,0,0,143,52,63,185963
333,28,0,4,0,0,0,112,20,28,153348
854,94,3,9,0,0,0,135,79,97,184594
530,77,1,4,0,0,0,143,64,78,186998
112,21,0,1,0,0,0,46,14,21,70281
999,22,0,1,0,0,0,64,18,22,95931
1267,40,0,1,0,0,0,73,31,40,106110
207,24,0,3,0,0,0,66,19,24,94233
1470,36,0,7,6,0,0,73,26,36,123576
416,48,1,3,0,0,0,143,43,49,182067
546,83,1,3,0,0,0,143,70,84,184663
806,118,3,8,0,0,0,159,99,121,210228
1411,27,0,3,0,0,0,66,20,27,102315
75,29,0,2,0,0,0,57,25,29,79075
1230,51,0,5,1,0,0,73,38,51,113376
866,65,3,6,0,0,0,135,55,68,177267
1446,27,0,3,1,0,0,66,20,27,103047
959,22,1,3,0,0,0,135,19,23,169167
2271,27,0,2,0,0,0,126,10,27,171510
272,11,0,5,0,0,0,46,6,11,69007
1035,22,0,0,0,0,0,135,13,22,171488
830,112,3,10,0,0,0,135,95,115,186221
2303,74,1,1,0,0,0,159,57,75,204502
109,22,0,1,0,0,0,46,14,22,70281
1574,26,0,22,28,0,0,69,17,26,165809
1433,47,0,4,2,0,0,73,35,47,115390
128,19,0,1,0,0,0,46,13,19,69303
1296,49,0,2,0,0,0,73,39,49,106371
191,42,0,3,0,0,0,66,32,42,99178
396,52,1,3,0,0,0,143,46,53,184711
1427,51,0,7,3,0,0,73,40,51,118512
53,6,0,0,0,0,0,57,6,6,70699
1250,27,0,1,0,0,0,73,21,27,104356
585,103,3,5,0,0,0,143,84,106,190850
765,77,1,5,0,0,0,159,65,78,202214
1204,46,0,0,0,0,0,73,34,46,104364
933,31,0,3,0,0,0,136,27,31,174237
118,39,0,3,0,0,0,66,30,39,96422
1071,18,0,0,0,0,0,54,14,18,82186
1108,21,0,0,0,0,0,54,16,21,82186
198,45,0,3,0,0,0,73,35,45,105069
1148,26,0,0,0,0,0,73,21,26,101457
404,35,1,3,0,0,0,112,30,36,152327
2304,73,1,2,1,0,0,159,61,74,200809
863,73,3,6,0,0,0,135,63,76,178096
862,71,3,6,0,0,0,135,61,74,177267
787,125,3,9,0,0,0,158,107,128,205352
1585,30,0,15,13,0,0,69,23,30,134030
1613,25,0,17,17,0,0,69,16,25,142644
572,104,1,4,0,0,0,158,88,105,195431
1869,135,3,7,0,0,0,158,114,138,204343
1389,54,0,22,5,0,0,73,39,54,139155
1863,130,3,6,0,0,0,158,111,133,200948
2248,71,1,7,0,0,0,135,56,72,183332
1083,33,0,2,0,0,0,64,25,33,96531
1883,25,0,2,0,0,0,126,10,25,169338
539,59,2,1,0,0,0,126,44,61,171337
2307,59,2,1,0,0,0,126,44,61,171337
1536,27,0,11,9,0,0,69,22,27,123720
1715,48,0,1,0,0,0,73,38,48,105305
1617,24,0,25,26,0,0,69,15,24,162974
1443,43,0,14,4,0,0,73,32,43,124430
1469,38,0,5,12,0,0,73,24,38,129989
422,58,1,1,0,0,0,143,49,59,183477
46,4,0,0,0,0,0,73,4,4,88531
1418,49,0,5,3,0,0,73,40,49,112943
1596,27,0,29,44,0,0,69,18,27,186692
412,61,1,1,0,0,0,143,50,62,184604
47,4,0,0,0,0,0,57,4,4,70699
1308,55,0,1,0,0,0,73,46,55,107263
2021,23,0,13,12,0,0,69,15,23,136110
864,86,3,8,0,0,0,135,74,89,181521
541,53,2,1,0,0,0,126,41,55,170752
1453,40,0,2,4,0,0,73,31,40,110569
89,25,0,1,0,0,0,73,25,25,89142
1448,43,0,7,3,0,0,73,32,43,118884
1188,23,0,1,0,0,0,73,19,23,104356
1564,27,2,13,28,0,0,69,22,29,141876
1054,25,0,2,0,0,0,64,20,25,96531
533,77,1,4,0,0,0,143,67,78,185994
1592,28,2,15,35,0,0,69,21,30,157919
241,19,0,2,0,0,0,66,13,19,94125
1138,35,0,3,0,0,0,64,24,35,97392
1821,103,1,6,0,0,0,158,88,104,198815
883,64,3,6,0,0,0,135,50,67,182639
906,47,1,3,0,0,0,135,40,48,173787
1196,24,0,1,0,0,0,73,20,24,104356
1045,22,0,2,0,0,0,64,17,22,96531
1074,30,0,2,0,0,0,64,22,30,96531
1493,33,0,10,7,0,0,73,23,33,126923
419,54,1,3,0,0,0,143,46,55,184711
164,44,0,4,0,0,0,66,32,44,102483
1212,20,0,1,0,0,0,73,16,20,104356
534,84,1,4,0,0,0,158,73,85,195447
1067,25,0,0,0,0,0,73,20,25,103507
1608,24,0,43,26,0,0,69,15,24,177653
307,30,0,2,0,0,0,112,22,30,151246
972,18,0,1,0,0,0,135,14,18,167915
223,18,0,3,0,0,0,66,14,18,91759
1016,23,0,1,0,0,0,63,17,23,94927
1398,49,0,4,2,0,0,73,40,49,113090
15,1,0,0,0,0,0,12,1,1,17985
1309,52,0,1,0,0,0,73,42,52,107263
1785,108,1,5,0,0,0,158,88,109,198177
1933,120,3,8,0,0,0,159,101,123,210228
1942,123,3,8,0,0,0,159,102,126,210228
1534,29,0,13,11,0,0,69,22,29,130815
325,41,1,0,0,0,0,143,33,42,179835
1539,28,0,4,6,0,0,73,24,28,116284
1463,41,0,10,4,0,0,73,30,41,119098
357,30,1,4,0,0,0,112,23,31,153348
1407,48,0,7,2,0,0,73,40,48,114984
441,63,1,2,0,0,0,143,54,64,184763
173,38,0,3,0,0,0,66,29,38,99178
2233,47,1,0,0,0,0,126,37,48,167650
1405,52,0,6,0,0,0,73,39,52,117745
1026,49,1,1,0,0,0,110,36,50,155604
1631,19,0,9,20,0,0,69,14,19,133130
1167,23,0,0,0,0,0,54,19,23,82063
832,113,3,7,0,0,0,135,94,116,186127
255,22,0,1,0,0,0,126,9,22,168253
582,92,1,4,0,0,0,158,77,93,196355
1247,48,0,1,0,0,0,73,37,48,107263
1084,28,0,0,0,0,0,63,22,28,92700
78,30,0,2,0,0,0,57,27,30,79075
704,131,3,7,0,0,0,158,113,134,201094
1801,104,1,6,0,0,0,158,88,105,199795
1546,30,1,7,15,0,0,69,23,31,125418
378,51,1,3,0,0,0,143,45,52,182035
27,2,0,0,1,0,0,12,2,2,18739
1268,37,0,2,0,0,0,73,27,37,106862
224,19,0,2,0,0,0,66,14,19,93257
1240,51,0,4,0,0,0,67,39,51,107096
794,121,3,8,0,0,0,135,99,124,185965
1017,22,0,1,0,0,0,63,16,22,94927
434,54,1,4,0,0,0,143,47,55,184799
918,38,1,2,0,0,0,135,30,39,173292
2025,29,1,2,0,0,0,126,23,30,165814
258,18,0,2,0,0,0,126,9,18,164081
297,25,0,2,0,0,0,112,17,25,151246
810,113,4,11,0,0,0,135,96,117,191923
1417,49,0,12,3,0,0,73,39,49,122223
1342,40,0,1,1,0,0,73,31,40,106582
1797,119,1,5,0,0,0,158,99,120,199215
87,34,0,4,0,0,0,73,31,34,97867
877,53,0,3,0,0,0,135,43,53,174745
558,93,3,4,0,0,0,143,75,96,188034
270,28,0,0,0,0,0,143,19,28,182167
447,61,1,4,0,0,0,143,52,62,186051
952,28,1,2,0,0,0,135,24,29,171246
428,54,1,1,0,0,0,77,43,55,108444
703,131,3,8,0,0,0,158,112,134,202243
1024,17,0,0,0,0,0,54,12,17,85436
1416,48,0,7,3,0,0,73,38,48,117710
338,43,1,1,0,0,0,143,36,44,180676
2026,35,1,2,0,0,0,135,28,36,173292
1806,124,1,4,0,0,0,158,102,125,200200
215,22,0,2,0,0,0,66,17,22,93257
1660,21,1,14,20,0,0,69,17,22,133107
981,20,0,1,0,0,0,63,15,20,98417
798,63,1,6,0,0,0,136,51,64,182607
1289,21,0,1,0,0,0,66,17,21,96512
1795,123,1,5,0,0,0,158,102,124,201261
1486,32,0,6,6,0,0,73,26,32,117156
1509,27,0,3,4,0,0,73,23,27,110636
594,100,1,4,0,0,0,158,84,101,196355
1347,54,0,17,3,0,0,67,41,54,124698
831,113,3,7,0,0,0,135,94,116,186127
2294,104,0,6,0,0,0,159,90,104,201047
319,37,1,1,0,0,0,143,30,38,180811
503,70,1,4,0,0,0,143,61,71,185173
390,50,1,1,0,0,0,143,43,51,182225
1390,47,0,4,2,0,0,73,39,47,113090
1655,21,0,2,8,0,0,66,17,21,104135
827,112,3,10,0,0,0,135,95,115,186312
782,124,3,8,0,0,0,159,103,127,209114
2290,75,1,1,0,0,0,159,59,76,203457
232,18,0,3,0,0,0,66,14,18,91759
1023,24,0,0,0,0,0,135,13,24,172740
1164,36,0,0,0,0,0,73,27,36,103211
1484,32,0,8,4,0,0,69,25,32,117651
1558,25,0,8,11,0,0,69,20,25,125978
1175,38,0,0,0,0,0,73,28,38,103211
1305,58,0,7,2,0,0,67,41,58,116819
2023,53,0,20,5,0,0,67,40,53,129257
742,127,3,10,0,0,0,158,110,130,205393
1106,29,0,0,0,0,0,73,22,29,102385
1152,30,0,0,1,0,0,73,25,30,102573
444,28,2,1,0,0,0,64,11,30,107631
597,79,1,3,0,0,0,159,62,80,205457
1847,70,2,2,0,0,0,159,59,72,199270
185,43,0,4,0,0,0,66,33,43,100334
945,26,0,3,0,0,0,136,22,26,174237
968,19,1,1,0,0,0,135,16,20,167915
1598,25,0,21,13,0,0,69,19,25,134789
1367,54,0,4,1,0,0,73,44,54,112665
943,27,1,2,0,0,0,135,23,28,171246
1210,24,0,2,0,0,0,73,19,24,105108
1641,20,0,3,7,0,0,66,16,20,104245
1034,22,0,0,0,0,0,135,13,22,171488
2194,17,0,0,0,0,0,54,13,17,82186
346,38,1,2,0,0,0,143,32,39,180974
181,45,0,5,0,0,0,66,34,45,103102
852,67,0,7,0,0,0,135,52,67,182669
1396,53,0,21,6,0,0,73,38,53,138667
312,34,0,1,0,0,0,143,26,34,180811
92,57,0,7,0,0,0,73,48,57,105365
526,78,1,3,0,0,0,143,64,79,186529
732,134,3,9,0,0,0,158,115,137,205638
1306,57,0,7,2,0,0,67,41,57,116819
2201,46,0,1,0,0,0,73,36,46,105305
1621,17,1,8,16,0,0,66,12,18,115128
1137,32,0,4,1,0,0,64,22,32,98941
488,73,1,3,0,0,0,143,64,74,183958
1751,108,3,11,0,0,0,158,94,111,206584
1760,22,0,3,0,0,0,66,17,22,94323
982,20,0,2,0,0,0,64,14,20,101435
1101,29,0,2,0,0,0,64,24,29,95603
1139,26,0,0,0,0,0,73,21,26,101457
706,100,1,6,0,0,0,159,86,101,201047
748,134,3,7,0,0,0,158,115,137,203513
1368,52,0,3,1,0,0,73,43,52,113424
2247,54,0,6,0,0,0,135,46,54,179345
2212,62,0,5,1,0,0,136,48,62,185095
1053,22,0,1,0,0,0,64,18,22,94930
1796,118,1,5,0,0,0,158,98,119,199215
1736,20,0,2,0,0,0,126,10,20,165252
169,52,0,5,0,0,0,66,40,52,103136
202,24,0,3,0,0,0,66,19,24,94233
172,36,0,3,0,0,0,66,28,36,99178
1290,17,0,0,0,0,0,66,14,17,91747
2330,48,0,6,1,0,0,67,40,48,110541
1779,106,1,5,0,0,0,158,89,107,198101
930,35,2,2,0,0,0,135,28,37,178356
308,29,0,2,0,0,0,143,22,29,181877
804,118,3,9,0,0,0,135,99,121,185632
889,50,1,4,0,0,0,135,40,51,177011
210,35,0,2,0,0,0,66,26,35,98202
1563,29,3,19,40,0,0,69,24,32,162408
949,28,1,2,0,0,0,135,23,29,172800
917,38,2,3,0,0,0,135,30,40,179974
1434,49,0,12,3,0,0,73,38,49,122223
1002,18,0,1,0,0,0,54,11,18,90245
1065,26,0,2,0,0,0,64,20,26,96531
1128,29,0,1,0,0,0,67,23,29,98648
1923,23,1,1,0,0,0,126,18,24,163531
507,78,1,3,0,0,0,143,64,79,186529
487,76,1,3,0,0,0,143,67,77,183958
2226,121,3,9,0,0,0,135,99,124,186655
855,83,3,6,0,0,0,135,72,86,179650
1614,18,1,11,16,0,0,66,14,19,117190
410,57,1,3,0,0,0,143,49,58,184711
242,22,0,1,0,0,0,126,10,22,167215
1772,8,0,1,0,0,0,73,8,8,89142
1450,44,0,11,3,0,0,73,32,44,121572
166,40,0,3,0,0,0,66,29,40,101327
2241,21,1,1,0,0,0,126,15,22,161554
1462,40,0,8,7,0,0,73,29,40,125528
320,26,1,4,0,0,0,112,22,27,149743
518,73,1,4,0,0,0,143,63,74,185994
1361,55,0,3,1,0,0,73,44,55,111520
1032,22,0,2,0,0,0,64,18,22,96531
1725,73,1,5,0,0,0,159,61,74,203731
848,93,3,6,0,0,0,158,80,96,201061
1929,4,0,0,0,0,0,73,4,4,88531
176,51,0,5,0,0,0,66,39,51,103136
978,17,0,3,0,0,0,135,13,17,169298
1835,93,0,5,0,0,0,159,79,93,201406
274,30,0,0,0,0,0,143,21,30,182167
750,105,1,7,0,0,0,159,87,106,205299
222,16,0,3,0,0,0,46,13,16,70369
1428,49,0,5,2,0,0,73,39,49,115646
1884,82,3,8,0,0,0,135,66,85,186222
989,18,0,2,0,0,0,64,13,18,100114
1213,45,0,3,0,0,0,67,36,45,104431
523,81,1,4,0,0,0,158,67,82,200571
1044,21,0,1,0,0,0,64,17,21,94930
2308,119,1,7,0,0,0,159,102,120,204687
304,23,0,2,0,0,0,112,15,23,151246
1650,18,1,19,24,0,0,69,15,19,137949
1588,30,0,27,27,0,0,69,19,30,163996
510,77,1,3,0,0,0,143,63,78,186529
822,113,4,11,0,0,0,135,96,117,191923
475,70,1,1,0,0,0,143,58,71,184529
987,24,0,1,0,0,0,135,16,24,172629
2207,69,1,3,0,0,0,143,62,70,183958
2243,132,3,9,0,0,0,159,114,135,207494
268,26,0,2,0,0,0,143,18,26,182403
1920,49,0,5,0,0,0,45,27,49,89282
538,79,1,3,0,0,0,143,65,80,186529
59,6,0,0,0,0,0,57,5,6,70699
2288,69,1,1,0,0,0,126,50,70,174269
504,73,1,4,0,0,0,143,64,74,185173
240,14,0,2,0,0,0,46,11,14,69253
926,34,1,2,0,0,0,135,27,35,173292
2220,30,0,5,1,0,0,136,25,30,179727
276,25,0,1,0,0,0,112,15,25,152121
360,46,1,0,0,0,0,126,37,47,166527
1091,24,0,0,0,0,0,73,20,24,101580
189,38,0,3,0,0,0,66,30,38,99178
1664,19,0,2,7,0,0,66,16,19,102046
938,30,1,2,0,0,0,135,25,31,172800
869,70,3,7,0,0,0,135,63,73,178390
1861,129,3,6,0,0,0,158,110,132,200948
1852,130,0,6,0,0,0,158,109,130,202681
2232,43,1,1,0,0,0,126,33,44,168806
1039,25,0,2,0,0,0,63,18,25,96531
1307,57,0,4,0,0,0,73,43,57,114554
934,31,1,2,0,0,0,135,25,32,173292
1826,125,3,5,0,0,0,158,103,128,201439
2254,123,3,8,0,0,0,159,104,126,209114
1823,77,1,1,0,0,0,159,62,78,200477
36,0,0,0,1,0,0,12,0,0,18125
2284,23,0,3,0,0,0,46,16,23,73825
1550,25,0,17,5,0,0,69,20,25,124602
1802,105,1,5,0,0,0,158,88,106,198177
417,49,1,3,0,0,0,143,43,50,183584
1812,114,1,7,0,0,0,158,97,115,201584
218,23,2,3,1,0,0,73,18,25,101780
263,12,0,2,0,0,0,46,7,12,67566
544,84,1,4,0,0,0,143,70,85,185994
49,4,0,0,0,0,0,73,4,4,88531
1477,37,0,19,8,0,0,73,30,37,129141
309,30,0,2,0,0,0,143,22,30,181877
206,21,0,3,0,0,0,66,18,21,94323
846,108,3,9,0,0,0,135,90,111,187074
1817,125,3,4,0,0,0,143,95,128,196174
860,94,3,8,0,0,0,135,81,97,184909
1047,26,0,0,0,0,0,63,20,26,94254
449,65,1,2,0,0,0,143,53,66,185243
353,41,1,2,0,0,0,143,35,42,180974
1160,28,0,1,0,0,0,73,23,28,104356
1205,48,0,1,0,0,0,73,37,48,107263
593,99,1,5,0,0,0,158,84,100,197125
1591,27,2,22,41,0,0,69,20,29,165140
323,37,1,2,0,0,0,143,30,38,182097
1804,65,1,0,1,0,0,136,48,66,182841
194,25,0,3,0,0,0,46,17,25,74964
2258,26,0,1,0,0,0,135,18,26,172629
480,66,1,4,0,0,0,143,56,67,186051
1633,19,0,10,20,0,0,69,14,19,134717
351,39,1,1,0,0,0,126,30,40,168221
844,108,3,9,0,0,0,135,91,111,186025
2278,25,0,2,0,0,0,126,10,25,169532
1527,29,0,18,5,0,0,73,23,29,126002
1153,29,0,0,0,0,0,73,24,29,101457
901,43,1,4,0,0,0,135,37,44,173190
2007,33,0,7,11,0,0,67,23,33,119052
584,76,2,3,0,0,0,159,60,78,205457
2266,39,0,5,0,0,0,73,29,39,107071
1627,18,0,6,10,0,0,69,13,18,118034
493,71,1,1,0,0,0,143,58,72,184529
1382,45,0,1,0,0,0,73,36,45,105305
1481,39,0,4,7,0,0,73,26,39,123891
799,45,0,5,2,0,0,136,36,45,181631
335,36,1,2,0,0,0,143,30,37,180974
1531,30,1,11,18,0,0,69,22,31,137882
1200,54,0,7,2,0,0,67,42,54,112481
975,19,0,1,0,0,0,135,15,19,167915
1169,51,0,1,0,0,0,67,38,51,105315
1474,33,0,5,4,0,0,73,26,33,113391
746,130,3,10,0,0,0,158,112,133,206328
589,102,1,6,0,0,0,158,86,103,197835
248,14,0,2,0,0,0,46,9,14,68488
1637,19,0,89,35,0,0,69,13,19,209964
1794,122,1,4,0,0,0,158,101,123,200200
1833,94,0,5,0,0,0,159,78,94,201440
506,78,1,3,0,0,0,143,68,79,183958
486,73,1,3,0,0,0,143,64,74,183958
1871,55,0,5,2,0,0,67,42,55,112068
1452,40,0,5,4,0,0,73,31,40,112927
1069,23,0,0,0,0,0,73,18,23,102540
2235,21,0,2,0,0,0,126,13,21,163863
287,26,0,2,0,0,0,143,19,26,179900
1503,38,0,15,5,0,0,73,30,38,123801
139,55,0,4,0,0,0,66,41,55,102968
98,56,0,6,0,0,0,73,45,56,109691
1216,47,0,5,0,0,0,73,35,47,111678
1577,26,0,8,11,0,0,73,20,26,130887
2214,49,0,5,2,0,0,136,37,49,184206
1370,50,0,1,0,0,0,73,42,50,106419
840,103,3,12,0,0,0,135,88,106,187917
368,39,1,3,0,0,0,143,34,40,182035
1027,18,0,0,0,0,0,54,12,18,86327
1571,30,2,12,31,0,0,69,22,32,149080
382,47,1,3,0,0,0,143,42,48,182035
1605,28,0,26,25,0,0,69,18,28,165942
261,21,0,1,0,0,0,126,11,21,167233
1081,28,0,2,0,0,0,64,23,28,95603
239,14,0,2,0,0,0,46,11,14,69253
1319,60,0,8,2,0,0,67,42,60,117443
1256,34,0,2,0,0,0,73,24,34,106862
16,1,0,0,0,0,0,12,1,1,17985
730,132,4,11,0,0,0,158,114,136,212047
499,47,1,1,0,0,0,64,19,48,123096
892,50,1,4,0,0,0,135,41,51,175457
1177,41,0,1,0,0,0,73,32,41,106110
1480,38,0,4,9,0,0,73,25,38,126227
2014,33,1,1,0,0,0,64,13,34,112927
1193,45,0,2,0,0,0,73,34,45,106835
457,69,1,4,0,0,0,143,60,70,186454
281,13,0,2,0,0,0,46,6,13,69847
792,122,3,8,0,0,0,158,104,125,204203
328,29,1,1,0,0,0,126,23,30,163679
789,73,1,7,0,0,0,135,58,74,183332
1955,93,0,5,0,0,0,159,78,93,201406
1336,52,0,15,3,0,0,67,40,52,121982
1286,53,0,1,0,0,0,73,42,53,107263
947,27,1,2,0,0,0,135,22,28,172800
1391,48,0,6,2,0,0,73,40,48,114563
88,35,0,4,0,0,0,73,32,35,97867
1502,33,0,11,3,0,0,73,26,33,120314
907,40,1,4,0,0,0,135,34,41,173190
102,21,0,0,0,0,0,46,13,21,69305
121,32,0,3,0,0,0,46,21,32,77158
1202,46,0,4,0,0,0,73,34,46,108779
1784,106,1,6,0,0,0,158,90,107,197763
2262,38,0,4,0,0,0,73,29,38,105722
1774,22,0,1,0,0,0,57,20,22,71310
236,20,0,2,0,0,0,66,13,20,95237
1338,53,0,14,2,0,0,67,40,53,120482
435,55,1,4,0,0,0,143,47,56,186051
1414,53,0,4,1,0,0,73,39,53,118236
941,27,1,2,0,0,0,135,23,28,171246
578,97,1,4,0,0,0,158,83,98,195375
163,42,0,3,0,0,0,66,30,42,101327
1845,118,0,6,0,0,0,159,100,118,204102
967,20,1,2,0,0,0,135,17,21,168570
1590,28,3,17,42,0,0,69,25,31,159687
1606,20,0,5,3,0,0,66,17,20,102640
355,44,1,0,0,0,0,143,37,45,179700
1593,27,1,21,60,0,0,69,19,28,184176
494,65,1,2,0,0,0,77,47,66,118622
1144,29,0,1,0,0,0,67,23,29,98648
1640,17,0,35,33,0,0,69,13,17,171385
880,65,3,8,0,0,0,135,58,68,180198
295,12,0,2,0,0,0,64,8,12,86569
484,72,1,4,0,0,0,143,63,73,185173
1553,25,0,2,4,0,0,66,22,25,107000
85,29,0,2,0,0,0,57,26,29,79075
2238,30,1,1,0,0,0,126,24,31,164378
1388,41,0,1,0,0,0,73,33,41,106419
423,57,1,1,0,0,0,143,48,58,183277
881,65,3,8,0,0,0,135,58,68,180198
1004,22,0,1,0,0,0,64,17,22,95931
1567,25,0,15,6,0,0,69,19,25,125025
1939,23,0,0,0,0,0,135,13,23,171488
562,88,1,4,0,0,0,158,75,89,197872
2245,27,3,14,36,0,0,69,23,30,153667
1790,117,1,5,0,0,0,158,97,118,199215
1783,112,1,6,0,0,0,158,93,113,198949
1399,50,0,6,3,0,0,73,41,50,113447
598,77,2,3,0,0,0,159,61,79,205457
1116,33,0,0,0,0,0,64,25,33,95059
813,116,3,10,0,0,0,135,98,119,186378
420,55,1,3,0,0,0,143,48,56,183584
995,19,0,1,0,0,0,54,12,19,90245
359,47,1,0,0,0,0,143,39,48,179700
489,75,1,3,0,0,0,143,64,76,186529
1271,52,0,10,2,0,0,67,40,52,115073
454,55,2,1,0,0,0,126,42,57,171337
1437,40,0,3,2,0,0,73,32,40,109888
231,21,0,2,0,0,0,66,16,21,93257
1238,24,0,1,0,0,0,73,19,24,104356
805,119,3,8,0,0,0,135,99,122,184942
1422,35,0,2,1,0,0,73,29,35,108777
1207,39,0,1,0,0,0,73,30,39,106110
1487,27,0,3,4,0,0,73,24,27,109859
797,98,3,9,0,0,0,159,81,101,209243
923,34,1,3,0,0,0,135,28,35,173227
1254,51,0,1,0,0,0,73,40,51,107263
800,121,3,8,0,0,0,135,99,124,185965
366,37,1,3,0,0,0,143,32,38,182035
1508,30,0,6,5,0,0,73,25,30,116999
2256,120,3,8,0,0,0,159,100,123,208182
1184,43,0,4,0,0,0,73,32,43,108779
1257,19,0,1,0,0,0,66,15,19,96512
817,117,3,9,0,0,0,135,99,120,185632
119,30,0,2,1,0,0,73,25,30,97577
114,50,0,3,0,0,0,66,38,50,97404
1445,35,0,2,2,0,0,73,29,35,108159
9,15,0,0,2,0,0,19,15,15,25075
397,60,1,2,0,0,0,143,52,61,183650
340,40,1,1,0,0,0,126,31,41,166130
1041,25,0,0,0,0,0,63,19,25,94254
1714,72,1,4,0,0,0,143,62,73,185994
472,69,1,4,0,0,0,143,61,70,185576
127,18,0,1,0,0,0,46,12,18,69303
1875,25,0,4,2,0,0,66,21,25,106654
960,21,1,2,0,0,0,135,18,22,168570
922,36,2,2,0,0,0,135,29,38,178356
717,131,3,9,0,0,0,158,112,134,205638
1858,61,0,0,1,0,0,136,47,61,176721
311,25,0,3,0,0,0,112,17,25,152532
2240,42,1,1,0,0,0,126,33,43,167884
134,22,0,1,0,0,0,46,15,22,71461
550,54,1,1,0,0,0,64,24,55,124208
1496,32,0,3,4,0,0,73,26,32,113573
386,52,1,3,0,0,0,143,47,53,182035
2264,37,0,4,0,0,0,73,27,37,105722
1277,51,0,1,0,0,0,73,40,51,107263
2286,92,1,6,0,0,0,159,79,93,203471
2277,28,2,4,0,0,0,73,21,30,104001
2260,25,0,0,0,0,0,135,15,25,172740
1129,26,0,1,0,0,0,67,23,26,96089
1223,23,0,1,0,0,0,73,19,23,104356
1063,19,0,1,0,0,0,64,15,19,94930
1829,123,1,5,0,0,0,158,104,124,199584
1557,30,0,21,10,0,0,69,23,30,138445
1653,20,1,17,25,0,0,69,16,21,140032
1092,24,0,0,0,0,0,73,20,24,101580
531,76,1,4,0,0,0,143,66,77,185994
1329,47,0,2,0,0,0,73,38,47,106371
754,127,4,12,0,0,0,158,109,131,212404
993,23,0,3,0,0,0,63,17,23,101629
44,0,0,1,1,0,0,12,0,0,18744
1049,19,0,0,0,0,0,54,15,19,83146
1085,23,0,0,0,0,0,73,19,23,101580
377,45,1,3,0,0,0,143,40,46,182035
1568,26,0,13,11,0,0,73,20,26,128723
509,77,1,3,0,0,0,143,63,78,186529
1500,32,0,2,14,0,0,69,22,32,122407
1625,21,0,5,11,0,0,69,15,21,121475
705,117,1,7,0,0,0,159,101,118,204687
2215,52,0,6,1,0,0,136,39,52,183417
2289,74,1,1,0,0,0,159,58,75,203457
1349,20,0,2,0,0,0,66,15,20,98562
158,38,0,3,0,0,0,66,27,38,101327
213,16,0,2,0,0,0,46,13,16,69303
755,130,4,11,0,0,0,158,111,134,211618
162,39,0,3,0,0,0,66,28,39,101327
280,13,0,2,0,0,0,64,8,13,87568
105,21,0,0,0,0,0,46,14,21,69305
1483,36,0,8,6,0,0,73,26,36,124502
2203,19,0,1,0,0,0,63,14,19,97774
1136,29,0,1,0,0,0,67,23,29,97843
1191,45,0,3,0,0,0,67,33,45,106297
1046,22,0,0,0,0,0,63,18,22,92700
1928,52,0,5,2,0,0,67,40,52,108085
1565,31,0,12,30,0,0,69,22,31,150589
1878,51,0,18,3,0,0,67,40,51,123520
561,94,1,4,0,0,0,158,82,95,195447
1003,23,0,2,0,0,0,64,17,23,97535
1834,124,3,5,0,0,0,158,104,127,199462
317,25,0,4,0,0,0,112,18,25,152470
1945,29,0,8,4,0,0,69,23,29,117182
837,104,4,10,0,0,0,135,89,108,190807
1276,54,0,1,0,0,0,73,42,54,108068
896,40,0,5,1,0,0,136,34,40,182403
1415,52,0,4,1,0,0,73,39,52,117124
406,42,1,3,0,0,0,143,36,43,182067
2251,38,1,4,0,0,0,135,34,39,170335
1351,53,0,18,5,0,0,67,41,53,126080
1066,26,0,2,0,0,0,63,19,26,96531
462,67,1,2,0,0,0,143,56,68,185815
1457,33,0,2,1,0,0,73,26,33,110118
815,114,3,9,0,0,0,135,97,117,185229
461,68,1,2,0,0,0,143,58,69,184763
1313,38,0,2,0,0,0,73,30,38,106057
329,38,1,0,0,0,0,126,30,39,165938
828,114,3,11,0,0,0,135,97,117,186991
988,26,0,1,0,0,0,135,18,26,172739
1161,22,0,0,0,0,0,66,18,22,93613
1150,35,0,5,1,0,0,64,25,35,99922
1224,23,0,1,0,0,0,73,19,23,104356
2191,24,0,0,0,0,0,73,20,24,101580
763,125,3,8,0,0,0,159,105,128,209114
362,29,1,4,0,0,0,112,24,30,150870
305,18,0,3,0,0,0,112,12,18,148850
278,32,0,0,0,0,0,143,23,32,182167
1183,50,0,4,1,0,0,73,38,50,110477
720,55,0,4,1,0,0,136,43,55,182352
225,20,0,2,0,0,0,66,15,20,93257
592,99,1,5,0,0,0,158,85,100,196145
553,83,1,4,0,0,0,158,71,84,197872
925,33,1,2,0,0,0,135,27,34,173292
1157,34,0,0,0,0,0,73,25,34,103211
214,22,0,2,0,0,0,66,17,22,93257
1245,52,0,1,0,0,0,73,40,52,108068
350,44,1,0,0,0,0,143,36,45,180745
1560,25,0,16,5,0,0,69,19,25,124849
251,11,0,2,0,0,0,46,8,11,64995
1459,40,0,5,11,0,0,73,26,40,130388
1195,30,0,1,0,0,0,73,23,30,106110
345,28,1,4,0,0,0,112,21,29,153348
1339,55,0,4,0,0,0,73,43,55,112650
902,45,1,4,0,0,0,135,39,46,173190
2327,67,1,4,0,0,0,136,52,68,183456
481,70,1,4,0,0,0,143,61,71,185173
1440,47,0,5,3,0,0,73,37,47,116483
211,30,0,3,0,0,0,73,22,30,102042
1109,24,0,1,0,0,0,67,20,24,98016
915,40,2,3,0,0,0,135,32,42,179974
1541,26,0,13,5,0,0,69,21,26,120283
1275,54,0,4,0,0,0,73,43,54,110993
2273,37,0,3,0,0,0,126,12,37,184542
1099,24,0,1,0,0,0,67,20,24,98016
1387,50,0,4,0,0,0,73,42,50,111162
2192,52,0,11,4,0,0,73,38,52,126780
1662,18,0,41,32,0,0,69,13,18,219707
1104,30,0,0,0,0,0,64,23,30,95059
252,13,0,2,0,0,0,46,8,13,68488
151,27,0,2,0,0,0,46,17,27,73848
1713,26,1,1,0,0,0,126,21,27,163531
1052,19,0,0,0,0,0,54,15,19,84372
293,31,0,1,0,0,0,143,24,31,178834
1838,131,3,7,0,0,0,158,110,134,201466
1103,33,0,2,0,0,0,64,24,33,97336
1403,41,0,1,0,0,0,73,33,41,106419
1603,24,0,38,29,0,0,69,14,24,164998
894,53,3,5,0,0,0,135,47,56,174060
1123,25,0,1,0,0,0,67,21,25,96089
587,111,1,5,0,0,0,158,92,112,199215
2218,31,0,3,0,0,0,136,27,31,174237
384,51,1,3,0,0,0,143,46,52,182035
1555,28,1,9,21,0,0,69,21,29,134432
2281,22,0,1,0,0,0,126,15,22,164032
1931,48,0,4,0,0,0,73,40,48,111541
1121,29,0,0,0,0,0,73,22,29,102385
1022,22,0,1,0,0,0,63,17,22,94927
234,13,0,2,0,0,0,46,10,13,69253
1055,19,0,0,0,0,0,54,15,19,83146
156,57,0,5,0,0,0,66,43,57,103136
532,77,1,4,0,0,0,143,67,78,185994
1932,21,0,4,0,0,0,112,16,21,149826
1135,25,0,0,0,0,0,54,20,25,82063
861,72,3,7,0,0,0,135,61,75,182624
394,38,1,3,0,0,0,143,34,39,182067
2229,46,0,13,9,0,0,73,32,46,136351
2302,80,1,3,0,0,0,159,62,81,205457
868,74,3,7,0,0,0,135,65,77,178390
275,20,0,1,0,0,0,126,13,20,164032
431,43,2,1,0,0,0,126,35,45,167884
2261,26,0,2,0,0,0,126,11,26,169562
264,26,0,0,0,0,0,143,16,26,183212
728,126,3,9,0,0,0,159,107,129,207494
1526,32,0,11,3,0,0,73,25,32,117441
271,17,0,2,0,0,0,126,10,17,162550
2204,44,0,4,0,0,0,73,35,44,105955
1846,113,0,6,0,0,0,159,97,113,203024
1716,35,1,1,0,0,0,64,14,36,113979
568,98,1,4,0,0,0,158,84,99,195447
2200,121,4,11,0,0,0,158,105,125,211255
1330,41,0,2,1,0,0,73,32,41,107334
1548,27,0,12,6,0,0,69,22,27,120547
976,22,0,1,0,0,0,64,15,22,103327
549,63,2,1,0,0,0,126,47,65,172311
1158,36,0,0,0,0,0,73,27,36,103211
557,96,3,4,0,0,0,143,77,99,188034
834,100,3,7,0,0,0,158,87,103,201847
1337,56,0,21,3,0,0,67,43,56,128757
1556,32,0,10,14,0,0,69,24,32,132275
179,45,0,5,0,0,0,66,33,45,103102
1239,23,0,1,0,0,0,73,19,23,104356
1236,36,0,1,0,0,0,73,26,36,106110
502,70,1,4,0,0,0,143,61,71,185173
257,21,0,1,0,0,0,126,11,21,167233
1131,30,0,3,0,0,0,64,23,30,95166
354,48,1,1,0,0,0,143,40,49,180676
1520,34,0,10,18,0,0,69,23,34,133805
745,131,4,12,0,0,0,158,113,135,212404
1006,20,0,1,0,0,0,63,15,20,95931
246,20,0,1,0,0,0,126,9,20,166081
442,64,1,2,0,0,0,143,55,65,184763
1258,47,0,3,0,0,0,67,37,47,104431
1163,39,0,1,0,0,0,73,29,39,105854
2216,31,0,6,1,0,0,136,27,31,181238
1140,28,0,0,0,0,0,73,23,28,101457
1542,26,0,18,5,0,0,69,21,26,125224
1466,33,0,2,4,0,0,73,27,33,109825
438,58,1,3,0,0,0,143,51,59,184836
120,23,0,1,0,0,0,46,15,23,72439
1112,29,0,0,0,0,0,73,22,29,102385
1423,46,0,14,10,0,0,73,33,46,137017
1115,35,0,3,0,0,0,64,26,35,98021
50,4,0,0,0,0,0,73,4,4,88531
432,53,1,4,0,0,0,143,44,54,184799
1282,55,0,5,0,0,0,73,44,55,112790
408,56,1,3,0,0,0,143,48,57,184711
913,42,1,4,0,0,0,135,33,43,177011
886,54,3,5,0,0,0,135,47,57,176443
920,43,1,4,0,0,0,135,34,44,177011
722,130,3,10,0,0,0,158,112,133,205393
115,62,0,6,0,0,0,73,51,62,109691
103,68,0,7,0,0,0,73,53,68,110310
2298,67,1,4,0,0,0,136,53,68,183026
2209,28,3,11,34,0,0,69,25,31,147725
505,78,1,3,0,0,0,143,68,79,183958
1512,32,0,6,6,0,0,69,23,32,121598
1147,28,0,0,0,0,0,73,23,28,101457
411,57,1,2,0,0,0,143,48,58,184024
956,24,1,1,0,0,0,135,22,25,166581
464,68,1,2,0,0,0,143,56,69,185243
1866,131,3,6,0,0,0,158,111,134,200490
1761,97,3,4,0,0,0,143,78,100,188034
1431,36,0,3,1,0,0,73,29,36,109389
478,53,2,1,0,0,0,126,40,55,171337
1501,32,0,9,14,0,0,73,20,32,132950
1285,53,0,2,0,0,0,73,45,53,108298
1265,42,0,1,0,0,0,73,34,42,105305
1355,55,0,2,1,0,0,73,43,55,110485
816,117,3,9,0,0,0,135,99,120,185632
843,104,3,10,0,0,0,135,89,107,186221
298,31,0,1,0,0,0,143,23,31,180811
1722,30,0,6,5,0,0,69,25,30,114200
1547,27,0,11,8,0,0,69,22,27,125707
1499,32,1,23,26,0,0,69,23,33,155941
341,32,1,1,0,0,0,126,24,33,165545
1174,42,0,0,0,0,0,73,30,42,105169
1378,52,0,5,1,0,0,73,43,52,115604
468,57,1,4,0,0,0,143,48,58,184799
1360,56,0,5,0,0,0,73,43,56,116553
233,17,2,3,1,0,0,73,11,19,101780
916,37,1,2,0,0,0,135,29,38,173292
1292,49,0,7,0,0,0,67,40,49,111366
1668,21,0,5,9,0,0,66,17,21,107935
106,62,0,6,0,0,0,66,47,62,105638
310,34,1,1,0,0,0,143,28,35,177956
203,43,0,3,0,0,0,66,33,43,99358
429,54,1,1,0,0,0,77,43,55,108444
1270,51,0,7,1,0,0,67,39,51,112225
2210,62,1,0,1,0,0,136,49,63,179861
932,30,1,2,0,0,0,135,27,31,169685
2231,37,1,1,0,0,0,126,29,38,165545
904,59,1,5,0,0,0,135,46,60,179898
427,59,1,1,0,0,0,143,50,60,183477
124,58,0,6,0,0,0,66,44,58,104529
1494,33,0,11,7,0,0,73,24,33,126306
1721,122,3,8,0,0,0,135,99,125,186657
900,41,1,4,0,0,0,135,33,42,175457
322,36,1,2,0,0,0,143,29,37,182097
1146,30,0,0,0,0,0,73,25,30,101457
985,19,0,2,0,0,0,64,14,19,101575
1364,17,0,1,1,0,0,66,14,17,93073
871,76,3,6,0,0,0,135,62,79,182639
2006,36,0,4,2,0,0,73,28,36,111473
812,114,3,11,0,0,0,135,97,117,186925
413,57,1,1,0,0,0,143,47,58,183352
2249,92,3,8,0,0,0,135,73,95,185400
712,134,3,9,0,0,0,158,114,137,205638
2217,32,0,3,1,0,0,136,28,32,175946
455,58,1,4,0,0,0,143,49,59,184799
958,25,1,2,0,0,0,135,21,26,171246
1383,17,0,0,1,0,0,66,13,17,93115
302,26,0,1,0,0,0,126,20,26,162861
1818,123,3,5,0,0,0,158,101,126,201439
1922,61,1,2,0,0,0,77,47,62,111815
1850,129,3,5,0,0,0,158,110,132,199799
984,17,0,3,0,0,0,64,12,17,102361
301,33,0,0,0,0,0,143,26,33,177858
1132,33,0,3,0,0,0,64,24,33,95166
289,20,0,2,0,0,0,126,12,20,163863
2213,63,1,5,1,0,0,136,50,64,186056
1172,47,0,6,1,0,0,67,35,47,107884
884,54,1,4,0,0,0,135,45,55,175356
125,62,0,6,0,0,0,66,47,62,104970
133,22,0,1,0,0,0,46,15,22,71461
90,39,0,4,0,0,0,73,35,39,97867
527,74,2,2,0,0,0,77,54,76,123887
1730,47,0,3,0,0,0,67,35,47,104431
349,45,1,1,0,0,0,143,38,46,180676
962,23,1,1,0,0,0,135,20,24,167915
971,24,0,1,0,0,0,64,16,24,104255
1815,88,1,5,0,0,0,159,74,89,201440
2202,29,0,0,0,0,0,73,22,29,103211
2225,51,1,1,0,0,0,64,22,52,123096
292,26,0,1,0,0,0,143,19,26,178834
1221,37,0,1,0,0,0,73,30,37,106110
876,62,3,5,0,0,0,135,55,65,175932
1421,41,0,1,0,0,0,73,34,41,104665
829,113,3,10,0,0,0,135,96,116,186336
1514,27,0,16,7,0,0,69,21,27,125847
1578,24,0,5,11,0,0,73,19,24,126614
2222,25,0,2,0,0,0,136,20,25,172936
711,135,3,8,0,0,0,158,114,138,205459
1154,28,0,0,0,0,0,73,23,28,101457
372,19,2,1,0,0,0,64,8,21,98531
951,29,1,2,0,0,0,135,24,30,172800
566,104,3,5,0,0,0,143,85,107,190850
380,50,1,1,0,0,0,143,41,51,183352
1540,29,0,14,14,0,0,69,21,29,134503
1793,120,1,4,0,0,0,158,99,121,200200
1269,45,0,2,0,0,0,67,35,45,102827
1278,48,0,1,0,0,0,73,37,48,105305
1098,20,0,0,0,0,0,54,15,20,82186
772,127,3,9,0,0,0,158,109,130,205352
1341,43,0,1,0,0,0,73,33,43,105305
1533,29,0,8,10,0,0,69,22,29,124674
1874,31,0,1,1,0,0,73,27,31,93842
1331,20,0,2,0,0,0,66,15,20,98562
1090,28,0,0,0,0,0,73,22,28,103507
28,1,0,0,1,0,0,12,1,1,18739
1724,75,1,5,0,0,0,159,63,76,203731
1657,16,0,55,30,0,0,69,11,16,181286
209,19,0,3,0,0,0,46,13,19,71261
1056,25,0,2,0,0,0,64,20,25,96531
1475,37,0,5,4,0,0,73,30,37,113196
936,30,1,2,0,0,0,135,25,31,173292
2221,58,0,6,0,0,0,136,44,58,183721
2293,120,0,6,0,0,0,159,101,120,204102
1048,22,0,0,0,0,0,63,18,22,92700
1159,31,0,0,0,0,0,73,25,31,103211
490,72,1,3,0,0,0,143,60,73,186529
788,119,3,8,0,0,0,159,101,122,209114
1385,52,0,5,1,0,0,73,43,52,115604
1814,102,0,6,0,0,0,158,86,102,198815
2005,38,0,5,1,0,0,73,31,38,110354
2223,49,1,1,0,0,0,64,21,50,121959
895,53,3,5,0,0,0,135,47,56,174060
977,21,0,1,0,0,0,64,15,21,102305
992,18,0,1,0,0,0,64,13,18,99328
1489,31,0,3,11,0,0,75,19,31,132024
1272,54,0,5,2,0,0,67,42,54,111063
1110,26,0,2,0,0,0,67,21,26,100555
1522,32,0,5,8,0,0,69,24,32,120488
781,124,3,9,0,0,0,158,106,127,205352
12,5,0,0,1,0,0,13,5,5,19500
842,104,4,11,0,0,0,135,89,108,191923
1060,24,0,0,0,0,0,73,18,24,104467
500,72,1,4,0,0,0,143,62,73,185994
1312,43,0,1,0,0,0,73,33,43,105305
1455,41,0,3,3,0,0,73,32,41,111049
737,130,4,11,0,0,0,158,112,134,212047
1393,48,0,5,2,0,0,73,40,48,113435
83,28,0,2,0,0,0,57,25,28,79075
1043,20,0,2,0,0,0,63,16,20,94162
556,63,2,1,0,0,0,126,47,65,172395
334,34,1,2,0,0,0,143,29,35,180974
543,87,1,4,0,0,0,143,72,88,185994
126,63,0,5,0,0,0,73,50,63,109080
2309,51,1,1,0,0,0,126,40,52,168469
433,50,1,4,0,0,0,143,43,51,184799
734,134,3,9,0,0,0,158,115,137,205638
229,28,0,2,0,0,0,126,10,28,176455
1820,113,1,7,0,0,0,158,95,114,202564
973,20,1,2,0,0,0,135,17,21,168570
1865,133,3,6,0,0,0,158,114,136,200513
1375,17,0,1,2,0,0,66,14,17,93226
361,41,1,0,0,0,0,126,33,42,165400
1639,19,0,4,8,0,0,66,15,19,105382
1658,17,0,27,27,0,0,69,12,17,196390
961,22,1,2,0,0,0,135,19,23,168570
719,131,3,8,0,0,0,158,112,134,204289
402,51,1,1,0,0,0,126,40,52,168469
1949,76,1,3,0,0,0,77,57,77,121895
879,59,3,5,0,0,0,135,52,62,176443
1837,65,1,0,1,0,0,136,51,66,178698
1384,51,0,5,1,0,0,73,41,51,115604
1525,34,0,11,4,0,0,73,26,34,118512
1118,28,0,0,0,0,0,73,21,28,102385
1404,51,0,19,6,0,0,73,37,51,137469
199,45,0,4,0,0,0,73,35,45,105722
1156,26,0,1,0,0,0,73,21,26,104356
1513,28,0,14,8,0,0,69,20,28,128365
391,58,2,2,0,0,0,77,46,60,113278
2017,119,0,7,0,0,0,158,100,119,201584
853,41,0,7,2,0,0,136,34,41,185700
58,11,0,0,0,0,0,57,11,11,70699
953,26,1,2,0,0,0,135,22,27,171246
1552,26,0,9,9,0,0,73,22,26,122490
1748,56,0,6,0,0,0,66,43,56,103547
318,34,0,3,0,0,0,143,27,34,183163
1226,21,0,1,0,0,0,66,15,21,97205
1511,31,0,6,10,0,0,73,19,31,126142
35,0,0,0,2,0,0,12,0,0,18848
400,52,1,1,0,0,0,143,44,53,183277
726,134,3,9,0,0,0,158,115,137,205638
370,48,1,1,0,0,0,143,40,49,180676
1143,31,0,1,0,0,0,67,25,31,98648
1015,21,0,1,0,0,0,63,15,21,94927
1775,7,0,1,0,0,0,73,7,7,89142
23,2,0,0,1,0,0,12,2,2,18739
986,19,0,2,0,0,0,63,14,19,99090
356,43,1,1,0,0,0,126,33,44,168806
1120,29,0,0,0,0,0,73,22,29,102385
1073,27,0,2,0,0,0,63,20,27,96531
9992,1,0,0,0,0,0,0,0,1,969
